[
  {
    "toolID": "FR-001",
    "toolName": "4 þrepa áltrappa"
  },
  {
    "toolID": "FR-002",
    "toolName": "Batterýsvél (2 batterý)"
  },
  {
    "toolID": "FR-003",
    "toolName": "SDS Höggvél"
  },
  {
    "toolID": "FR-004",
    "toolName": "Batterýsvél og ljós (2 batterý)"
  },
  {
    "toolID": "FR-005",
    "toolName": "Batterýsvél (2 batterý)"
  },
  {
    "toolID": "FR-006",
    "toolName": "SDS Höggvél"
  },
  {
    "toolID": "FR-007",
    "toolName": "SDS Höggvél"
  },
  {
    "toolID": "FR-008",
    "toolName": "trappa"
  },
  {
    "toolID": "FR-009",
    "toolName": "3 Línu Laser Grænn   (DEWALT)"
  },
  {
    "toolID": "FR-010",
    "toolName": "SDS höggvél"
  },
  {
    "toolID": "FR-011",
    "toolName": "SDS Höggvél"
  },
  {
    "toolID": "FR-012",
    "toolName": "SDS vél"
  },
  {
    "toolID": "FR-013",
    "toolName": "SDS Höggvél"
  },
  {
    "toolID": "FR-014",
    "toolName": "SDS höggvél"
  },
  {
    "toolID": "FR-015",
    "toolName": "Stóra brotvél Steini Jr."
  },
  {
    "toolID": "FR-016",
    "toolName": "Slípirokkur (gulur)"
  },
  {
    "toolID": "FR-017",
    "toolName": "Slípirokkur (DEWALT)"
  },
  {
    "toolID": "FR-018",
    "toolName": "LASER grænn"
  },
  {
    "toolID": "FR-019",
    "toolName": "Slípirokkur Dewalt"
  },
  {
    "toolID": "FR-020",
    "toolName": "Stingsög (Worx) 2 batterý"
  },
  {
    "toolID": "FR-021",
    "toolName": "Stingsög (Black og Becker)"
  },
  {
    "toolID": "FR-022",
    "toolName": "Stingsög (Metabo)(Bosch taska)"
  },
  {
    "toolID": "FR-023",
    "toolName": "Fallvarnarbelti"
  },
  {
    "toolID": "FR-024",
    "toolName": "Gunnar fine sög"
  },
  {
    "toolID": "FR-025",
    "toolName": "Bindivél"
  },
  {
    "toolID": "FR-026",
    "toolName": "Snúruvél, Borvél (Bosch)"
  },
  {
    "toolID": "FR-027",
    "toolName": "Gasbyssa"
  },
  {
    "toolID": "FR-028",
    "toolName": "Límbyssa (steinel)"
  },
  {
    "toolID": "FR-029",
    "toolName": "LÍmbyssa    (týnd)"
  },
  {
    "toolID": "FR-030",
    "toolName": "Hitabyssa"
  },
  {
    "toolID": "FR-031",
    "toolName": "Hæðarkíkir"
  },
  {
    "toolID": "FR-032",
    "toolName": "Límbyssa Týnd"
  },
  {
    "toolID": "FR-033",
    "toolName": "Stabila laser"
  },
  {
    "toolID": "FR-034",
    "toolName": "Dewalt Cross laiser"
  },
  {
    "toolID": "FR-035",
    "toolName": "4 þrepa áltrappa  ALTREX   ( ný nóv 2018)"
  },
  {
    "toolID": "FR-036",
    "toolName": "Merkivél (ný 17.02.2014)"
  },
  {
    "toolID": "FR-037",
    "toolName": "Merkivél týnd"
  },
  {
    "toolID": "FR-038",
    "toolName": "Merkivél"
  },
  {
    "toolID": "FR-039",
    "toolName": "Flísaborasett"
  },
  {
    "toolID": "FR-040",
    "toolName": "Dósaborasett"
  },
  {
    "toolID": "FR-041",
    "toolName": "Plastvél (hitavél)"
  },
  {
    "toolID": "FR-042",
    "toolName": "Kapalstigahjól"
  },
  {
    "toolID": "FR-043",
    "toolName": "Topplykklasett"
  },
  {
    "toolID": "FR-044",
    "toolName": "Flísaborasett (Artu)"
  },
  {
    "toolID": "FR-045",
    "toolName": "Útvarp (Dewalt)"
  },
  {
    "toolID": "FR-046",
    "toolName": "Merkivél"
  },
  {
    "toolID": "FR-047",
    "toolName": "Merkivél"
  },
  {
    "toolID": "FR-048",
    "toolName": "Topplyklasett (Lux)"
  },
  {
    "toolID": "FR-049",
    "toolName": "Talstöðvar (Toppcom)"
  },
  {
    "toolID": "FR-050",
    "toolName": "6 þrepa áltrappa"
  },
  {
    "toolID": "FR-051",
    "toolName": "Demants bora sett"
  },
  {
    "toolID": "FR-052",
    "toolName": "6 þrepa áltrappa           Týnd"
  },
  {
    "toolID": "FR-053",
    "toolName": "6 þrepa áltrappa"
  },
  {
    "toolID": "FR-054",
    "toolName": "6 þrepa áltrappa"
  },
  {
    "toolID": "FR-055",
    "toolName": "5 þrepa áltrappa"
  },
  {
    "toolID": "FR-056",
    "toolName": "11 þrepa áltrappa/stigi"
  },
  {
    "toolID": "FR-057",
    "toolName": "6 þrepa áltrappa"
  },
  {
    "toolID": "FR-058",
    "toolName": "4 þrepa áltrappa"
  },
  {
    "toolID": "FR-059",
    "toolName": "4 þrepa áltrappa"
  },
  {
    "toolID": "FR-060",
    "toolName": "3 þrepa áltrappa"
  },
  {
    "toolID": "FR-061",
    "toolName": "5 þrepa áltrappa (altrex)    ( ný nóv 2018)"
  },
  {
    "toolID": "FR-062",
    "toolName": "Stoðagatari minni Blár"
  },
  {
    "toolID": "FR-063",
    "toolName": "7 þrepa áltrappa"
  },
  {
    "toolID": "FR-064",
    "toolName": "6 þrepa áltrappa"
  },
  {
    "toolID": "FR-065",
    "toolName": "9 þrepa áltrappa (A-trappa stóra) \"Stóri Jón"
  },
  {
    "toolID": "FR-066",
    "toolName": "Stillans"
  },
  {
    "toolID": "FR-067",
    "toolName": "6 þrepa áltrappa"
  },
  {
    "toolID": "FR-068",
    "toolName": "7 þrepa áltrappa altrex"
  },
  {
    "toolID": "FR-069",
    "toolName": "5 þrepa áltrappa altrex (ný 14/11/18)"
  },
  {
    "toolID": "FR-070",
    "toolName": "2X búkkar (stanley svartir)"
  },
  {
    "toolID": "FR-071",
    "toolName": "2X búkkar (gulir) Týnd"
  },
  {
    "toolID": "FR-072",
    "toolName": "Kapalstandur (blár)"
  },
  {
    "toolID": "FR-073",
    "toolName": "Kapalstandur (bace)"
  },
  {
    "toolID": "FR-074",
    "toolName": "Svartur búkki/letingi"
  },
  {
    "toolID": "FR-075",
    "toolName": "Skrúfutaska stór"
  },
  {
    "toolID": "FR-076",
    "toolName": "Skrúfutaska minni"
  },
  {
    "toolID": "FR-077",
    "toolName": "Skrúfutaska minni"
  },
  {
    "toolID": "FR-078",
    "toolName": "Skrúfutaska minni"
  },
  {
    "toolID": "FR-079",
    "toolName": "Skrúfutaska minni"
  },
  {
    "toolID": "FR-080",
    "toolName": "Skrúfutaska minni"
  },
  {
    "toolID": "FR-081",
    "toolName": "Skrúfutaska minni"
  },
  {
    "toolID": "FR-082",
    "toolName": "Skrúfutaska minni"
  },
  {
    "toolID": "FR-083",
    "toolName": "Skrúfutaska minni"
  },
  {
    "toolID": "FR-084",
    "toolName": "Skrúfutaska Biggi"
  },
  {
    "toolID": "FR-085",
    "toolName": "Verkfærataskan hans Sigga (gamla)"
  },
  {
    "toolID": "FR-086",
    "toolName": "Sporjárnasett"
  },
  {
    "toolID": "FR-087",
    "toolName": "Topplyklasetta Gráa"
  },
  {
    "toolID": "FR-088",
    "toolName": "Úttektarmælir"
  },
  {
    "toolID": "FR-089",
    "toolName": "Sög (Dewalt) + Búkkar"
  },
  {
    "toolID": "FR-090",
    "toolName": "Græni kastari hleðslu Optime As"
  },
  {
    "toolID": "FR-091",
    "toolName": "Cimco Endahulsutöng 0,5-16mm"
  },
  {
    "toolID": "FR-092",
    "toolName": "Loftpressa (Loftur)"
  },
  {
    "toolID": "FR-093",
    "toolName": "Merkivél (fræsari)"
  },
  {
    "toolID": "FR-094",
    "toolName": "Skótöng Klemmi"
  },
  {
    "toolID": "FR-095",
    "toolName": "stoða gatari"
  },
  {
    "toolID": "FR-096",
    "toolName": "Sleggja (Stóra)"
  },
  {
    "toolID": "FR-097",
    "toolName": "Kefli bláa"
  },
  {
    "toolID": "FR-098",
    "toolName": "Sleggja (Litla)"
  },
  {
    "toolID": "FR-099",
    "toolName": "Sporjárnasett (Rauða 3 stk)"
  },
  {
    "toolID": "FR-100",
    "toolName": "EL- Björn Vinnutafla (stór)"
  },
  {
    "toolID": "FR-101",
    "toolName": "EL- Björn Vinnutafla (mið)"
  },
  {
    "toolID": "FR-102",
    "toolName": "EL- Björn Vinnutafla (lítil)"
  },
  {
    "toolID": "FR-103",
    "toolName": "Endahulsubox (litla)"
  },
  {
    "toolID": "FR-104",
    "toolName": "Dósaborasett (áltaska)"
  },
  {
    "toolID": "FR-105",
    "toolName": "Dósaborasett (áltaska) Týnd"
  },
  {
    "toolID": "FR-106",
    "toolName": "Kapalklippa (blá)"
  },
  {
    "toolID": "FR-107",
    "toolName": "Símatöng (blá)"
  },
  {
    "toolID": "FR-108",
    "toolName": "Cimco skó-/endahuls- / allt töng Týnd"
  },
  {
    "toolID": "FR-109",
    "toolName": "Símatöng appelsínugul"
  },
  {
    "toolID": "FR-110",
    "toolName": "Ampertöng (Carlo gavazzi PAN6225)"
  },
  {
    "toolID": "FR-111",
    "toolName": "Ampertöng (Carlo gavazzi PAN6225)"
  },
  {
    "toolID": "FR-112",
    "toolName": "Avo mælir Analog Hioki"
  },
  {
    "toolID": "FR-113",
    "toolName": "Megger"
  },
  {
    "toolID": "FR-114",
    "toolName": "Ampertöng (Carlo gavazzi PAN6225)"
  },
  {
    "toolID": "FR-115",
    "toolName": "Hitamælir"
  },
  {
    "toolID": "FR-116",
    "toolName": "Birtumælir"
  },
  {
    "toolID": "FR-117",
    "toolName": "Phase indicator"
  },
  {
    "toolID": "FR-118",
    "toolName": "Zoomer (grái/rauði)"
  },
  {
    "toolID": "FR-119",
    "toolName": "Paratester (ískraft)"
  },
  {
    "toolID": "FR-120",
    "toolName": "Dewalt ljóskastari       (keypt des 2018)"
  },
  {
    "toolID": "FR-121",
    "toolName": "green lee taska"
  },
  {
    "toolID": "FR-122",
    "toolName": "Zommer  (grái/rauði)"
  },
  {
    "toolID": "FR-123",
    "toolName": "Megger"
  },
  {
    "toolID": "FR-124",
    "toolName": "Fastir lykklar sett (Lux)"
  },
  {
    "toolID": "FR-125",
    "toolName": "Topplykklar (lítið án scrall)"
  },
  {
    "toolID": "FR-126",
    "toolName": "Dósaborasett (stóra taska) græna"
  },
  {
    "toolID": "FR-127",
    "toolName": "Dósaborasett (litla hvíta taskan)"
  },
  {
    "toolID": "FR-128",
    "toolName": "Ryksugu-sett Dewalt"
  },
  {
    "toolID": "FR-129",
    "toolName": "Kjarnabor + patróna"
  },
  {
    "toolID": "FR-130",
    "toolName": "Fíberfjöður (grá)"
  },
  {
    "toolID": "FR-131",
    "toolName": "Fíberfjöður (rauð)"
  },
  {
    "toolID": "FR-132",
    "toolName": "Fíberfjöður (Svört)"
  },
  {
    "toolID": "FR-133",
    "toolName": "Fíberfjöður (Svört)"
  },
  {
    "toolID": "FR-134",
    "toolName": "Stálfjöður Greenlee"
  },
  {
    "toolID": "FR-135",
    "toolName": "Malarskófla"
  },
  {
    "toolID": "FR-136",
    "toolName": "Malarskófla"
  },
  {
    "toolID": "FR-137",
    "toolName": "Kíttisgrind Týnd"
  },
  {
    "toolID": "FR-138",
    "toolName": "EL- Björn Vinnutafla (lítil)"
  },
  {
    "toolID": "FR-139",
    "toolName": "Járnsög"
  },
  {
    "toolID": "FR-140",
    "toolName": "Boltaklippur rauðar"
  },
  {
    "toolID": "FR-141",
    "toolName": "Wurth - Borataska"
  },
  {
    "toolID": "FR-142",
    "toolName": "Wurth - bílatengi og skó taska"
  },
  {
    "toolID": "FR-143",
    "toolName": "Wurth - Skinnur"
  },
  {
    "toolID": "FR-144",
    "toolName": "Wurth - Rær"
  },
  {
    "toolID": "FR-145",
    "toolName": "Wurth - Skrúfur"
  },
  {
    "toolID": "FR-146",
    "toolName": "Wurth - Skrúfur"
  },
  {
    "toolID": "FR-147",
    "toolName": "Wurth - Skrúfur"
  },
  {
    "toolID": "FR-148",
    "toolName": "Wurth - Sjálfborandi skrúfur"
  },
  {
    "toolID": "FR-149",
    "toolName": "See Snake myndavél"
  },
  {
    "toolID": "FR-150",
    "toolName": "Hnoðbyssa"
  },
  {
    "toolID": "FR-151",
    "toolName": "Trilla"
  },
  {
    "toolID": "FR-152",
    "toolName": "Tjakkur"
  },
  {
    "toolID": "FR-153",
    "toolName": "Bárugatari"
  },
  {
    "toolID": "FR-154",
    "toolName": "Kíttisgrind"
  },
  {
    "toolID": "FR-155",
    "toolName": "Kíttisgrind appelsínugul"
  },
  {
    "toolID": "FR-156",
    "toolName": "Kíttisgrind rauð"
  },
  {
    "toolID": "FR-157",
    "toolName": ""
  },
  {
    "toolID": "FR-158",
    "toolName": "Háspennuhandtöng"
  },
  {
    "toolID": "FR-159",
    "toolName": "Hnífvaratöng"
  },
  {
    "toolID": "FR-160",
    "toolName": "Rafstöð"
  },
  {
    "toolID": "FR-161",
    "toolName": "Bandabyssa"
  },
  {
    "toolID": "FR-162",
    "toolName": "Boltaklippur (litlar rauðar)"
  },
  {
    "toolID": "FR-163",
    "toolName": "Skiptilykill Stóri (lady)"
  },
  {
    "toolID": "FR-164",
    "toolName": ""
  },
  {
    "toolID": "FR-165",
    "toolName": "Hallamál (gult)"
  },
  {
    "toolID": "FR-166",
    "toolName": "Hallamál (rautt)"
  },
  {
    "toolID": "FR-167",
    "toolName": "Kúbein (rautt)"
  },
  {
    "toolID": "FR-168",
    "toolName": "Kúbein (blátt)"
  },
  {
    "toolID": "FR-169",
    "toolName": "Skrúfjárn (herslujárn)"
  },
  {
    "toolID": "FR-170",
    "toolName": "Fagrafs hitajárn"
  },
  {
    "toolID": "FR-171",
    "toolName": "Logi m/sjálfvirkum kveikibúnaði"
  },
  {
    "toolID": "FR-172",
    "toolName": "Megas"
  },
  {
    "toolID": "FR-173",
    "toolName": "lóðbyssa og lóðbolti"
  },
  {
    "toolID": "FR-174",
    "toolName": "El björn"
  },
  {
    "toolID": "FR-175",
    "toolName": "EL- Björn Vinnutafla (lítil)"
  },
  {
    "toolID": "FR-176",
    "toolName": "Endahulsubox (litla)"
  },
  {
    "toolID": "FR-177",
    "toolName": "Límbyssa Steinhell keypt 8/12/2010."
  },
  {
    "toolID": "FR-178",
    "toolName": "koppafeitissprauta"
  },
  {
    "toolID": "FR-179",
    "toolName": "Megger Kyritsu"
  },
  {
    "toolID": "FR-180",
    "toolName": "Megger Kyritsu"
  },
  {
    "toolID": "FR-181",
    "toolName": "Skótöng blá og gul"
  },
  {
    "toolID": "FR-182",
    "toolName": "Blá lítil vinnutafla"
  },
  {
    "toolID": "FR-183",
    "toolName": "EL Elvaskan vinnutafla"
  },
  {
    "toolID": "FR-184",
    "toolName": "Hamar blár"
  },
  {
    "toolID": "FR-185",
    "toolName": "9 þrepa áltrappa \"Littli Jón"
  },
  {
    "toolID": "FR-186",
    "toolName": "3 Þrepa áltrappa"
  },
  {
    "toolID": "FR-187",
    "toolName": "3 Þrepa áltrappa Týnd"
  },
  {
    "toolID": "FR-188",
    "toolName": "Hallamál stanley 80 cm"
  },
  {
    "toolID": "FR-189",
    "toolName": "Öryggjabox gleröryggi"
  },
  {
    "toolID": "FR-190",
    "toolName": "Járnsög"
  },
  {
    "toolID": "FR-191",
    "toolName": "Járnsög"
  },
  {
    "toolID": "FR-192",
    "toolName": "Járnsög"
  },
  {
    "toolID": "FR-193",
    "toolName": "Trésög"
  },
  {
    "toolID": "FR-194",
    "toolName": "Trésög"
  },
  {
    "toolID": "FR-195",
    "toolName": "Flúrlampi vinnuljós"
  },
  {
    "toolID": "FR-196",
    "toolName": "járnsög"
  },
  {
    "toolID": "FR-197",
    "toolName": "Boltaklippur"
  },
  {
    "toolID": "FR-198",
    "toolName": "Málband gult 30M"
  },
  {
    "toolID": "FR-199",
    "toolName": "6 Þrepa Altrex trappa"
  },
  {
    "toolID": "FR-200",
    "toolName": "SDS stór brotvél Steini"
  },
  {
    "toolID": "FR-201",
    "toolName": "Stingsög gul í metabotösku"
  },
  {
    "toolID": "FR-202",
    "toolName": "Dósaborasett"
  },
  {
    "toolID": "FR-203",
    "toolName": "Hersluvél"
  },
  {
    "toolID": "FR-204",
    "toolName": "Hersluvél"
  },
  {
    "toolID": "FR-205",
    "toolName": "Cadweld"
  },
  {
    "toolID": "FR-206",
    "toolName": "Tvíblöðungur"
  },
  {
    "toolID": "FR-207",
    "toolName": "loftlykill"
  },
  {
    "toolID": "FR-208",
    "toolName": "merkivél brother"
  },
  {
    "toolID": "FR-209",
    "toolName": "7 Þrepa áltrappa"
  },
  {
    "toolID": "FR-210",
    "toolName": "Black og decker stingsög"
  },
  {
    "toolID": "FR-211",
    "toolName": "Röratöng stór"
  },
  {
    "toolID": "FR-212",
    "toolName": "Kefli GULT"
  },
  {
    "toolID": "FR-213",
    "toolName": "Malarskófla"
  },
  {
    "toolID": "FR-214",
    "toolName": "Kefli svart 25 metrar"
  },
  {
    "toolID": "FR-215",
    "toolName": "Hnoðbyssa Stanley"
  },
  {
    "toolID": "FR-216",
    "toolName": "Málband gult 60M"
  },
  {
    "toolID": "FR-217",
    "toolName": "Dewalt gormaljós"
  },
  {
    "toolID": "FR-218",
    "toolName": "Snittsett"
  },
  {
    "toolID": "FR-219",
    "toolName": "Eyrnarhlíf gul"
  },
  {
    "toolID": "FR-220",
    "toolName": "El björn miðstærð útitafla"
  },
  {
    "toolID": "FR-221",
    "toolName": "DeWalt Tveggja línu Laiserxc"
  },
  {
    "toolID": "FR-222",
    "toolName": "DeWalt Tveggja línu Laiser"
  },
  {
    "toolID": "FR-223",
    "toolName": "Topptul skótöng með multi kjöftum"
  },
  {
    "toolID": "FR-224",
    "toolName": "Topptul skótöng með multi kjöftum"
  },
  {
    "toolID": "FR-225",
    "toolName": "7 þrepa áltrappa altrex"
  },
  {
    "toolID": "FR-226",
    "toolName": "7 þrepa áltrappa altrex"
  },
  {
    "toolID": "FR-227",
    "toolName": "Endahulsu töng"
  },
  {
    "toolID": "FR-228",
    "toolName": "7 Þrepa áltrappa altrex"
  },
  {
    "toolID": "FR-229",
    "toolName": "7 Þrepa áltrappa altrex."
  },
  {
    "toolID": "FR-230",
    "toolName": "Ryksuga (Inga) Festool"
  },
  {
    "toolID": "FR-231",
    "toolName": "Kjarnabor + patróna"
  },
  {
    "toolID": "FR-232",
    "toolName": "8 þrepa trappa"
  },
  {
    "toolID": "FR-233",
    "toolName": "6 þrepa trappa"
  },
  {
    "toolID": "FR-234",
    "toolName": "Keflastandur lítill"
  },
  {
    "toolID": "FR-235",
    "toolName": "Stillanlegur gifsbor"
  },
  {
    "toolID": "FR-236",
    "toolName": "Hitabyssa"
  },
  {
    "toolID": "FR-237",
    "toolName": "Kjarnabor"
  },
  {
    "toolID": "FR-238",
    "toolName": "Gleröryggjabox grænt"
  },
  {
    "toolID": "FR-239",
    "toolName": "Gleröryggjabox grænt"
  },
  {
    "toolID": "FR-240",
    "toolName": "Dewalt sds vél"
  },
  {
    "toolID": "FR-241",
    "toolName": "Endahulsu töng"
  },
  {
    "toolID": "FR-242",
    "toolName": "Dewalt sds vél"
  },
  {
    "toolID": "FR-243",
    "toolName": "Límbyssa"
  },
  {
    "toolID": "FR-244",
    "toolName": "Slípirokkur"
  },
  {
    "toolID": "FR-245",
    "toolName": "Herslusett"
  },
  {
    "toolID": "FR-246",
    "toolName": "Kjarnabor + patróna"
  },
  {
    "toolID": "FR-247",
    "toolName": "Kjarnabor + patróna"
  },
  {
    "toolID": "FR-248",
    "toolName": "Klaufhamar blár"
  },
  {
    "toolID": "FR-249",
    "toolName": "Klaufhamar blár"
  },
  {
    "toolID": "FR-250",
    "toolName": "Klaufhamar blár"
  },
  {
    "toolID": "FR-251",
    "toolName": "Klaufhamar blár"
  },
  {
    "toolID": "FR-252",
    "toolName": "Boltaklippur  (stórar rauðar)"
  },
  {
    "toolID": "FR-253",
    "toolName": "Fluke lengdarmælir"
  },
  {
    "toolID": "FR-254",
    "toolName": "KÍTTISGRIND"
  },
  {
    "toolID": "FR-255",
    "toolName": "Kefli Grænt"
  },
  {
    "toolID": "FR-256",
    "toolName": "KíttisGRIND"
  },
  {
    "toolID": "FR-257",
    "toolName": "KÍTTISGRIND"
  },
  {
    "toolID": "FR-258",
    "toolName": "9 þrepa áltrappa \"Jón"
  },
  {
    "toolID": "FR-259",
    "toolName": "Greenlee punch taska (lokkar)"
  },
  {
    "toolID": "FR-260",
    "toolName": "Kúttari Járn (Stigasög)"
  },
  {
    "toolID": "FR-261",
    "toolName": "Kastari stóri á fæti"
  },
  {
    "toolID": "FR-262",
    "toolName": "3 þrepa tröppur"
  },
  {
    "toolID": "FR-263",
    "toolName": "EL-Björn Hitablásari"
  },
  {
    "toolID": "FR-264",
    "toolName": "Dewalt sds Höggvél"
  },
  {
    "toolID": "FR-265",
    "toolName": "Þvinga"
  },
  {
    "toolID": "FR-266",
    "toolName": "Þvinga"
  },
  {
    "toolID": "FR-267",
    "toolName": "Þvinga"
  },
  {
    "toolID": "FR-268",
    "toolName": "Þvinga"
  },
  {
    "toolID": "FR-269",
    "toolName": "kefli"
  },
  {
    "toolID": "FR-270",
    "toolName": "Kefli"
  },
  {
    "toolID": "FR-271",
    "toolName": "Kíttisgrind"
  },
  {
    "toolID": "FR-272",
    "toolName": "Kefli"
  },
  {
    "toolID": "FR-273",
    "toolName": "Kefli"
  },
  {
    "toolID": "FR-274",
    "toolName": "Tröppur 4 þrepa"
  },
  {
    "toolID": "FR-275",
    "toolName": "Plastvél Ný"
  },
  {
    "toolID": "FR-276",
    "toolName": "Dewalt SDS bor 22mm / 540mm"
  },
  {
    "toolID": "FR-277",
    "toolName": "Dewalt SDS bor 38mm / 670mm"
  },
  {
    "toolID": "FR-278",
    "toolName": "Dewalt SDS bor 45mm / 570mm"
  },
  {
    "toolID": "FR-279",
    "toolName": "Hitachi SDS bor 16mm / 920"
  },
  {
    "toolID": "FR-280",
    "toolName": "Hitachi SDS bor 16mm / 920"
  },
  {
    "toolID": "FR-281",
    "toolName": "Kjarnabor"
  },
  {
    "toolID": "FR-282",
    "toolName": "Merkivél Brother ný"
  },
  {
    "toolID": "FR-283",
    "toolName": "Merkivél Brother ný"
  },
  {
    "toolID": "FR-284",
    "toolName": "Kíttisgrind"
  },
  {
    "toolID": "FR-285",
    "toolName": "Kíttisgrind"
  },
  {
    "toolID": "FR-286",
    "toolName": "Stigi \"Langi Jón"
  },
  {
    "toolID": "FR-287",
    "toolName": "Keflastandur lítill"
  },
  {
    "toolID": "FR-288",
    "toolName": "Vinnutafla el Björn blá 3X32A"
  },
  {
    "toolID": "FR-289",
    "toolName": "Gaslóðbolti"
  },
  {
    "toolID": "FR-290",
    "toolName": "RAFSUÐUVÉl Lincoln 150"
  },
  {
    "toolID": "FR-291",
    "toolName": "Rafsuðuhjálmur"
  },
  {
    "toolID": "FR-292",
    "toolName": "Feiti Jón 3 faldur stigi"
  },
  {
    "toolID": "FR-293",
    "toolName": "Spit tvíblöðungur"
  },
  {
    "toolID": "FR-294",
    "toolName": "Paratester"
  },
  {
    "toolID": "FR-295",
    "toolName": "Paratester"
  },
  {
    "toolID": "FR-296",
    "toolName": "Ál trappa 7 þrepa"
  },
  {
    "toolID": "FR-297",
    "toolName": "Ál trappa 6 þrepa"
  },
  {
    "toolID": "FR-298",
    "toolName": "Altrappa 6 þrepa +"
  },
  {
    "toolID": "FR-299",
    "toolName": "Hnoðbyssa toptul græn"
  },
  {
    "toolID": "FR-300",
    "toolName": "Ál trappa 6 þrepa"
  },
  {
    "toolID": "FR-301",
    "toolName": "14mm SDS steinbor 1,23M"
  },
  {
    "toolID": "FR-302",
    "toolName": "3 línu laser grænn dewalt \"Ellinn"
  },
  {
    "toolID": "FR-303",
    "toolName": "Keflastandur Lítill"
  },
  {
    "toolID": "FR-304",
    "toolName": "Paratester nýi"
  },
  {
    "toolID": "FR-305",
    "toolName": "Bróðir Gunnars dewalt fjölnotasög"
  },
  {
    "toolID": "FR-306",
    "toolName": "Dewalt SDS bor 35 mm/ 570mm"
  },
  {
    "toolID": "FR-307",
    "toolName": "Dewalt SDS bor 25 mm/ 540mm"
  },
  {
    "toolID": "FR-308",
    "toolName": "Stoðaleitari"
  },
  {
    "toolID": "FR-309",
    "toolName": "Ryksuga Dewalt  Selma"
  },
  {
    "toolID": "FR-310",
    "toolName": "Ryksuga Dewalt  Jónína"
  },
  {
    "toolID": "FR-311",
    "toolName": "Veltisög Dewalt"
  },
  {
    "toolID": "FR-312",
    "toolName": "Free@home access punktur til að forrita"
  },
  {
    "toolID": "FR-313",
    "toolName": "Paratester"
  },
  {
    "toolID": "FR-314",
    "toolName": "Dewalt Hjóldög og Stingsög"
  },
  {
    "toolID": "FR-315",
    "toolName": "Benning volt mælir"
  },
  {
    "toolID": "FR-316",
    "toolName": "Tengla tester"
  },
  {
    "toolID": "FR-317",
    "toolName": "Tengla tester"
  },
  {
    "toolID": "FR-318",
    "toolName": "Mennekes vinnutafla"
  },
  {
    "toolID": "FR-319",
    "toolName": "Nethraðamælir"
  },
  {
    "toolID": "FR-320",
    "toolName": "3 línu laser grænn dewalt \"Ellinn Jr."
  },
  {
    "toolID": "FR-321",
    "toolName": "Keflastandur (rauður)"
  },
  {
    "toolID": "FR-322",
    "toolName": "Keflastandur (rauður)"
  },
  {
    "toolID": "FR-323",
    "toolName": "Keflastandur (rauður)"
  },
  {
    "toolID": "FR-324",
    "toolName": "Skrælinginn (intercable)"
  },
  {
    "toolID": "FR-325",
    "toolName": "Endahulsutöng 50-95q (toptul skáp)"
  },
  {
    "toolID": "FR-326",
    "toolName": "Endahulsutöng 10-50q (toptul skáp)"
  },
  {
    "toolID": "FR-327",
    "toolName": "ískápur"
  },
  {
    "toolID": "FR-328",
    "toolName": "Kaffivél +kaffikanna"
  },
  {
    "toolID": "FR-329",
    "toolName": "Örbylgjuofn"
  },
  {
    "toolID": "FR-330",
    "toolName": "Borðplata og 4 lappir"
  },
  {
    "toolID": "FR-331",
    "toolName": "Örbylgjuofn 2 (Matsui)"
  },
  {
    "toolID": "FR-332",
    "toolName": "Lean mean fat machine Brauðgrill"
  },
  {
    "toolID": "FR-333",
    "toolName": "Kaffiborð rautt"
  },
  {
    "toolID": "FR-334",
    "toolName": "Stóll 1"
  },
  {
    "toolID": "FR-335",
    "toolName": "Stóll 2"
  },
  {
    "toolID": "FR-336",
    "toolName": "Stóll 3"
  },
  {
    "toolID": "FR-337",
    "toolName": "Stóll 4"
  },
  {
    "toolID": "FR-338",
    "toolName": "Stóll 5"
  },
  {
    "toolID": "FR-339",
    "toolName": "Stóll 6"
  },
  {
    "toolID": "FR-340",
    "toolName": "Kaffivél Bomann"
  },
  {
    "toolID": "FR-341",
    "toolName": "Ískápur 2 (Tefcold)"
  },
  {
    "toolID": "FR-342",
    "toolName": "kaffivél philips Senseo"
  },
  {
    "toolID": "FR-343",
    "toolName": "Kaiser plastþrepabor"
  },
  {
    "toolID": "FR-344",
    "toolName": "SDS 24mm bor stórvél"
  },
  {
    "toolID": "FR-345",
    "toolName": "25 metra Rafmagnskefli blátt"
  },
  {
    "toolID": "FR-346",
    "toolName": "25 metra Rafmagnskefli blátt"
  },
  {
    "toolID": "FR-347",
    "toolName": "25 metra Rafmagnskefli blátt"
  },
  {
    "toolID": "FR-348",
    "toolName": "15 metra Rafmagnskefli blátt"
  },
  {
    "toolID": "FR-349",
    "toolName": "15 metra Rafmagnskefli blátt"
  },
  {
    "toolID": "FR-350",
    "toolName": "15 metra Rafmagnskefli blátt"
  },
  {
    "toolID": "FR-351",
    "toolName": "Herslusett 1-25Nm og 10-100Nm"
  },
  {
    "toolID": "FR-352",
    "toolName": "Skótöng Babyklemm 6/10/16/25/35/50q"
  },
  {
    "toolID": "FR-353",
    "toolName": "Bróðir Feita Jóns 3 faldur stigi"
  },
  {
    "toolID": "FR-354",
    "toolName": "Endahulsutöng 0,5 - 16q (toptul skáp)"
  },
  {
    "toolID": "FR-355",
    "toolName": "Knipex Skiptilykklatöng 60mm opnun"
  },
  {
    "toolID": "FR-356",
    "toolName": "Kastari litli á fæti"
  },
  {
    "toolID": "FR-357",
    "toolName": "Kíttisgrind blá"
  },
  {
    "toolID": "FR-358",
    "toolName": "Kíttisgrind blá"
  },
  {
    "toolID": "FR-359",
    "toolName": "Kíttisgrind blá"
  },
  {
    "toolID": "FR-360",
    "toolName": "keflastandur (rauður) nóv 2018"
  },
  {
    "toolID": "FR-361",
    "toolName": "Keflastandur (rauður) nóv 2018"
  },
  {
    "toolID": "FR-362",
    "toolName": "Keflastandur (rauður) nóv 2018"
  },
  {
    "toolID": "FR-363",
    "toolName": "Keflastandur (rauður) nóv 2018"
  },
  {
    "toolID": "FR-364",
    "toolName": "Hálfbróðir Gunnars dewalt fjölnotasög"
  },
  {
    "toolID": "FR-365",
    "toolName": "Vinnutafla í Járnkassa"
  },
  {
    "toolID": "FR-366",
    "toolName": "þvinga blá"
  },
  {
    "toolID": "FR-367",
    "toolName": "þvinga blá"
  },
  {
    "toolID": "FR-368",
    "toolName": "þvinga blá"
  },
  {
    "toolID": "FR-369",
    "toolName": "Bróðir langa Jóns"
  },
  {
    "toolID": "FR-370",
    "toolName": ""
  }
]